Job_Title,Company,Location,Salary,Apply_Link
Full Stack Developer,IREED Academy India Private Limited,Gurgaon,"₹ 4,00,000 - 5,00,000",https://internshala.com/job/detail/full-stack-developer-job-in-gurgaon-at-ireed-academy-india-private-limited1751439604
Solution Architect  App Modernization (GCP),I4 Consulting : Reimagining HR Blueprints,Chennai,"₹ 50,00,000 - 55,00,000",https://internshala.com/job/detail/solution-architect-app-modernization-gcp-job-in-multiple-locations-at-i4-consulting--reimagining-hr-blueprints1749103270
Lead - Salesforce Financial Cloud,Kiash Solutions LLP,Chennai,"₹ 35,00,000 - 55,00,000",https://internshala.com/job/detail/lead-salesforce-financial-cloud-job-in-multiple-locations-at-kiash-solutions-llp1749049332
SAP Technical Architect,Kiash Solutions LLP,Chennai,"₹ 25,00,000 - 32,00,000",https://internshala.com/job/detail/sap-technical-architect-job-in-multiple-locations-at-kiash-solutions-llp1749103406
Full Stack Developer,I4 Consulting : Reimagining HR Blueprints,Gurgaon,"₹ 25,00,000 - 30,00,000",https://internshala.com/job/detail/full-stack-developer-job-in-multiple-locations-at-i4-consulting--reimagining-hr-blueprints1749104004
Pvt. Cloud SME/Architect,Jio,Delhi,"₹ 20,00,000 - 40,00,000",https://internshala.com/job/detail/pvt-cloud-sme-architect-job-in-multiple-locations-at-jio1750293327
AI Engineer,Innovative Talent Solutions,Chennai,"₹ 20,00,000 - 35,00,000",https://internshala.com/job/detail/ai-engineer-job-in-chennai-at-innovative-talent-solutions1751502769
Full Stack Engineer,Talent Corner HR Services Private Limited,Mumbai,"₹ 20,00,000 - 35,00,000",https://internshala.com/job/detail/full-stack-engineer-job-in-mumbai-at-talent-corner-hr-services-private-limited1751070829
Java Architect,Almighty HRD Consultants,Bangalore,"₹ 20,00,000 - 35,00,000",https://internshala.com/job/detail/java-architect-job-in-bangalore-at-almighty-hrd-consultants1750379564
Senior Informatica Engineer,Web Idea Solution LLP,Work from home,"₹ 20,00,000 - 27,00,000",https://internshala.com/job/detail/remote-senior-informatica-engineer-job-at-web-idea-solution-llp1749668423
Big Data Lead,Populace World Solutions,Pune,"₹ 20,00,000 - 25,00,000",https://internshala.com/job/detail/big-data-lead-job-in-pune-at-populace-world-solutions1751329965
Level 3 Network Engineer,Kiash Solutions LLP,Hyderabad,"₹ 20,00,000 - 25,00,000",https://internshala.com/job/detail/level-3-network-engineer-job-in-hyderabad-at-kiash-solutions-llp1750984485
Rancher AWS Senior Engineer,Aces Global Consulting Pvt Ltd,Faridabad,"₹ 20,00,000 - 25,00,000",https://internshala.com/job/detail/rancher-aws-senior-engineer-job-in-multiple-locations-at-aces-global-consulting-pvt-ltd1749103876
Technical Architect,Storch Consultancy Private Limited,Noida,"₹ 16,00,000 - 20,00,000",https://internshala.com/job/detail/technical-architect-job-in-noida-at-storch-consultancy-private-limited1749103940
Power BI,Nexus Jobs,Work from home,"₹ 15,60,000 - 16,80,000",https://internshala.com/job/detail/remote-power-bi-job-at-nexus-jobs1749103939
Project Manager,INTINERI INFOSOL PRIVATE LIMITED,Work from home,"₹ 15,00,000 - 45,00,000",https://internshala.com/job/detail/remote-project-manager-job-at-intineri-infosol-private-limited1750725156
SAP SD Project Manager,INTINERI INFOSOL PRIVATE LIMITED,Pune,"₹ 15,00,000 - 45,00,000",https://internshala.com/job/detail/sap-sd-project-manager-job-in-pune-at-intineri-infosol-private-limited1749495611
Full Stack Developer - Senior,Refining Skills Academy,Surat,"₹ 15,00,000 - 21,00,000",https://internshala.com/job/detail/full-stack-developer-senior-job-in-surat-at-refining-skills-academy1746750635
UX Designer_ Bangalore,True Blue HR Consultants,Bangalore,"₹ 15,00,000 - 20,00,000",https://internshala.com/job/detail/ux-designer-bangalore-job-in-bangalore-at-true-blue-hr-consultants1747960234
Senior Teamcenter Developer,Thinkinnov Solution Technologies Private Limited,Bangalore,"₹ 15,00,000 - 18,00,000",https://internshala.com/job/detail/senior-teamcenter-developer-job-in-bangalore-at-thinkinnov-solution-technologies-private-limited1750100497
Peoplesoft FSCM Technical Consultant/Developer,Kiash Solutions LLP,Chennai,"₹ 15,00,000 - 18,00,000",https://internshala.com/job/detail/peoplesoft-fscm-technical-consultant-developer-job-in-multiple-locations-at-kiash-solutions-llp1749103271
Teamcenter Admin,Thinkinnov Solution Technologies Private Limited,Chennai,"₹ 14,00,000 - 16,00,000",https://internshala.com/job/detail/teamcenter-admin-job-in-multiple-locations-at-thinkinnov-solution-technologies-private-limited1750293259
MS Dynamics F&O Developers,Admin Looks,Delhi,"₹ 13,00,000 - 18,00,000",https://internshala.com/job/detail/ms-dynamics-f-o-developers-job-in-multiple-locations-at-admin-looks1750811809
Appian Architect,INTINERI INFOSOL PRIVATE LIMITED,Work from home,"₹ 12,00,000 - 45,00,000",https://internshala.com/job/detail/remote-appian-architect-job-at-intineri-infosol-private-limited1750638632
Fusion Developer,INTINERI INFOSOL PRIVATE LIMITED,Chennai,"₹ 12,00,000 - 35,00,000",https://internshala.com/job/detail/fusion-developer-job-in-chennai-at-intineri-infosol-private-limited1749754812
Appian Developer,INTINERI INFOSOL PRIVATE LIMITED,Work from home,"₹ 12,00,000 - 27,60,000",https://internshala.com/job/detail/remote-appian-developer-job-at-intineri-infosol-private-limited1751502660
Senior Data Engineer (Snowflake),Crazy Solutions,Work from home,"₹ 12,00,000 - 26,00,000",https://internshala.com/job/detail/remote-senior-data-engineer-snowflake-job-at-crazy-solutions1749103280
Data Architect - AEP,INTINERI INFOSOL PRIVATE LIMITED,Work from home,"₹ 12,00,000 - 24,00,000",https://internshala.com/job/detail/remote-data-architect-aep-job-at-intineri-infosol-private-limited1749103752
D365 Power Pages UX/UI Developer,Brainhunter Recruiting Pvt Ltd,Chennai,"₹ 12,00,000 - 18,00,000",https://internshala.com/job/detail/d365-power-pages-ux-ui-developer-job-in-multiple-locations-at-brainhunter-recruiting-pvt-ltd1750100418
Lead Software Engineer,JobsFlix,Salem,"₹ 12,00,000 - 18,00,000",https://internshala.com/job/detail/lead-software-engineer-job-in-salem-at-jobsflix1749236473
Python (Programming Language),ALIQAN Technologies,Bangalore,"₹ 12,00,000 - 18,00,000",https://internshala.com/job/detail/python-programming-language-job-in-bangalore-at-aliqan-technologies1749103581
MS Dynamics F&O,Admin Looks,Work from home,"₹ 12,00,000 - 16,00,000",https://internshala.com/job/detail/remote-ms-dynamics-f-o-job-at-admin-looks1751589126
Azure Platform Engineer,Admin Looks,Work from home,"₹ 12,00,000 - 15,00,000",https://internshala.com/job/detail/remote-azure-platform-engineer-job-at-admin-looks1749150071
Full Stack Developer (.Net With AWS),Crazy Solutions,Work from home,"₹ 12,00,000 - 14,00,000",https://internshala.com/job/detail/remote-full-stack-developer-net-with-aws-job-at-crazy-solutions1747009816
Sr. Azure Data Engineer,ALIQAN Technologies,Work from home,"₹ 12,00,000 - 13,20,000",https://internshala.com/job/detail/remote-sr-azure-data-engineer-job-at-aliqan-technologies1750984287
Automation Anywhere Developer,INTINERI INFOSOL PRIVATE LIMITED,Work from home,"₹ 10,80,000 - 16,80,000",https://internshala.com/job/detail/remote-automation-anywhere-developer-job-at-intineri-infosol-private-limited1749841218
SAP Project Manager,INTINERI INFOSOL PRIVATE LIMITED,Pune,"₹ 10,00,000 - 45,00,000",https://internshala.com/job/detail/sap-project-manager-job-in-pune-at-intineri-infosol-private-limited1751589057
Sr Cyber Security Analyst,Kiash Solutions LLP,Bangalore,"₹ 10,00,000 - 15,00,000",https://internshala.com/job/detail/sr-cyber-security-analyst-job-in-bangalore-at-kiash-solutions-llp1750984465
Dotnet Azure Developer,Kiash Solutions LLP,Ahmedabad,"₹ 10,00,000 - 15,00,000",https://internshala.com/job/detail/dotnet-azure-developer-job-in-multiple-locations-at-kiash-solutions-llp1750984393
Artificial Intelligence Engineer,Kiash Solutions LLP,Chennai,"₹ 10,00,000 - 15,00,000",https://internshala.com/job/detail/artificial-intelligence-engineer-job-in-multiple-locations-at-kiash-solutions-llp1749103705
Project Manager,V3Cube,Ahmedabad,"₹ 10,00,000 - 12,00,000",https://internshala.com/job/detail/project-manager-job-in-ahmedabad-at-v3cube1750984470
Sr. .Net Blazor Developer,Web Idea Solution LLP,Work from home,"₹ 10,00,000 - 12,00,000",https://internshala.com/job/detail/remote-sr-net-blazor-developer-job-at-web-idea-solution-llp1750898143
Performance Test Engineer,ALIQAN Technologies,Bangalore,"₹ 9,60,000 - 24,00,000",https://internshala.com/job/detail/performance-test-engineer-job-in-bangalore-at-aliqan-technologies1747701020
RPA Business Analyst,INTINERI INFOSOL PRIVATE LIMITED,Work from home,"₹ 9,60,000 - 16,80,000",https://internshala.com/job/detail/remote-rpa-business-analyst-job-at-intineri-infosol-private-limited1750186843
Automation Anywhere,INTINERI INFOSOL PRIVATE LIMITED,Work from home,"₹ 9,60,000 - 16,80,000",https://internshala.com/job/detail/remote-automation-anywhere-job-at-intineri-infosol-private-limited1748910630
SAP ABAP,ALIQAN Technologies,Bangalore,"₹ 9,60,000 - 12,00,000",https://internshala.com/job/detail/sap-abap-job-in-bangalore-at-aliqan-technologies1749103467
SAP FICO Consultant,INTINERI INFOSOL PRIVATE LIMITED,Pune,"₹ 9,00,000 - 30,00,000",https://internshala.com/job/detail/sap-fico-consultant-job-in-pune-at-intineri-infosol-private-limited1751589092
Senior Sap MM Consultant,INTINERI INFOSOL PRIVATE LIMITED,Pune,"₹ 9,00,000 - 24,00,000",https://internshala.com/job/detail/senior-sap-mm-consultant-job-in-pune-at-intineri-infosol-private-limited1751070686
SAP SD Consultant,INTINERI INFOSOL PRIVATE LIMITED,Pune,"₹ 9,00,000 - 22,00,000",https://internshala.com/job/detail/sap-sd-consultant-job-in-pune-at-intineri-infosol-private-limited1750897970
HM Consulting SAP HCM,Brainhunter Recruiting Pvt Ltd,Delhi,"₹ 9,00,000 - 15,00,000",https://internshala.com/job/detail/hm-consulting-sap-hcm-job-in-multiple-locations-at-brainhunter-recruiting-pvt-ltd1750186782
Full Stack Developer,Bryckel AI,Work from home,"₹ 9,00,000 - 10,00,000",https://internshala.com/job/detail/remote-full-stack-developer-job-at-bryckel-ai1750482683
Full Stack Developer,Ergosphere Solution Pvt Ltd.,Work from home,"₹ 8,80,000 - 11,00,000",https://internshala.com/job/detail/remote-full-stack-developer-job-at-ergosphere-solution-pvt-ltd1751101296
Tableau Developers,INTINERI INFOSOL PRIVATE LIMITED,Work from home,"₹ 8,40,000 - 12,00,000",https://internshala.com/job/detail/remote-tableau-developers-job-at-intineri-infosol-private-limited1748046621
Tableau Developer,Crazy Solutions,Work from home,"₹ 8,00,000 - 15,00,000",https://internshala.com/job/detail/remote-tableau-developer-job-at-crazy-solutions1749103281
.Net React With AWS Developer,Web Idea Solution LLP,Work from home,"₹ 8,00,000 - 12,00,000",https://internshala.com/job/detail/remote-net-react-with-aws-developer-job-at-web-idea-solution-llp1750293146
MERN Stack Developer,Hunting Cherry,Hyderabad,"₹ 8,00,000 - 12,00,000",https://internshala.com/job/detail/mern-stack-developer-job-in-hyderabad-at-hunting-cherry1749103882
System Cloud Admin,Kiash Solutions LLP,Ahmedabad,"₹ 8,00,000 - 11,00,000",https://internshala.com/job/detail/system-cloud-admin-job-in-multiple-locations-at-kiash-solutions-llp1750984316
Deveops Engineer,Wings Global Services,Chandigarh,"₹ 8,00,000 - 10,00,000",https://internshala.com/job/detail/deveops-engineer-job-in-multiple-locations-at-wings-global-services1747873825
Flutter Developer,Wings Global Services,Amritsar,"₹ 8,00,000 - 9,00,000",https://internshala.com/job/detail/flutter-developer-job-in-multiple-locations-at-wings-global-services1747960240
Laravel PHP Developer,Wings Global Services,Amritsar,"₹ 8,00,000 - 9,00,000",https://internshala.com/job/detail/laravel-php-developer-job-in-multiple-locations-at-wings-global-services1747960240
Full Stack Developer,Supply Wisdom,Bangalore,"₹ 8,00,000",https://internshala.com/job/detail/full-stack-developer-job-in-bangalore-at-supply-wisdom1750931354
Founding Engineer,Calquity Technologies Private Limited,Work from home,"₹ 7,50,000 - 12,00,000",https://internshala.com/job/detail/fresher-remote-founding-engineer-job-at-calquity-technologies-private-limited1749212473
SAP ABAP Consultant,INTINERI INFOSOL PRIVATE LIMITED,Pune,"₹ 7,00,000 - 20,00,000",https://internshala.com/job/detail/sap-abap-consultant-job-in-pune-at-intineri-infosol-private-limited1750379691
Full-Stack CodeIgniter Developer (UI/UX + Figma),TopSystems.io,Nashik,"₹ 7,00,000 - 13,00,000",https://internshala.com/job/detail/full-stack-codeigniter-developer-ui-ux-figma-job-in-nashik-at-topsystemsio1750140018
Senior Full Stack Developer,Naukridaddy HR Solutions Private Limited,Coimbatore,"₹ 7,00,000 - 12,00,000",https://internshala.com/job/detail/senior-full-stack-developer-job-in-coimbatore-at-naukridaddy-hr-solutions-private-limited1751589070
Senior Full Stack Developer,Naukridaddy HR Solutions Private Limited,Coimbatore,"₹ 7,00,000 - 12,00,000",https://internshala.com/job/detail/senior-full-stack-developer-job-in-coimbatore-at-naukridaddy-hr-solutions-private-limited1751416471
Full Stack Developer,Know Thy Choice,Work from home,"₹ 7,00,000",https://internshala.com/job/detail/remote-full-stack-developer-job-at-know-thy-choice1750857667
Full Stack GenAI Developer,MeetMinutes,Work from home,"₹ 6,50,000",https://internshala.com/job/detail/remote-full-stack-genai-developer-job-at-meetminutes1749799461
Freelance Interviewer-Full Stack (Optimizely),Futuremug,Thiruvananthapuram,"₹ 6,24,000 - 12,48,000",https://internshala.com/job/detail/freelance-interviewer-full-stack-optimizely-job-in-thiruvananthapuram-at-futuremug1750293348
Full Stack Engineer (Node & React),WIREDLEAP TECHNOLOGY PRIVATE LIMITED,Bangalore,"₹ 6,00,000 - 14,00,000",https://internshala.com/job/detail/full-stack-engineer-node-react-job-in-bangalore-at-wiredleap-technology-private-limited1751276820
SAP BASIS Consultant,Cloudious LLC,Chennai,"₹ 6,00,000 - 13,00,000",https://internshala.com/job/detail/sap-basis-consultant-job-in-multiple-locations-at-cloudious-llc1750465847
Full-Stack CodeIgniter Developer (UI/UX + Figma),TopSystems.io,Work from home,"₹ 6,00,000 - 12,00,000",https://internshala.com/job/detail/remote-full-stack-codeigniter-developer-ui-ux-figma-job-at-topsystemsio1750140545
Full Stack Developer,Taskify,Work from home,"₹ 6,00,000 - 12,00,000",https://internshala.com/job/detail/fresher-remote-full-stack-developer-job-at-taskify1749542554
Java React Developer,Web Idea Solution LLP,Work from home,"₹ 6,00,000 - 12,00,000",https://internshala.com/job/detail/remote-java-react-developer-job-at-web-idea-solution-llp1751502758
Node.js  Developer,Jio,Mumbai,"₹ 6,00,000 - 10,00,000",https://internshala.com/job/detail/nodejs-developer-job-in-mumbai-at-jio1748651414
Senior Full Stack Developer,Eventful India Marketing Services,Work from home,"₹ 6,00,000 - 9,00,000",https://internshala.com/job/detail/remote-senior-full-stack-developer-job-at-eventful-india-marketing-services1751283527
Angular Developer,JobsFlix,Salem,"₹ 6,00,000 - 8,00,000",https://internshala.com/job/detail/angular-developer-job-in-salem-at-jobsflix1749322867
Full Stack Developer,Setindiabiz,Noida,"₹ 6,00,000 - 8,00,000",https://internshala.com/job/detail/full-stack-developer-job-in-noida-at-setindiabiz1749104136
QA Tester,Kiash Solutions LLP,Vadodara,"₹ 6,00,000 - 7,50,000",https://internshala.com/job/detail/qa-tester-job-in-vadodara-at-kiash-solutions-llp1748910633
Full Stack Developer,EtherWorld,Work from home,"₹ 6,00,000",https://internshala.com/job/detail/remote-full-stack-developer-job-at-etherworld1751021407
Full Stack Developer,KubeFlux,Work from home,"₹ 5,81,000",https://internshala.com/job/detail/remote-full-stack-developer-job-at-kubeflux1750473012
Associate Full Stack Developer,Kradle Joy (OPC) Private Limited,Noida,"₹ 5,80,000 - 10,50,000",https://internshala.com/job/detail/associate-full-stack-developer-job-in-noida-at-kradle-joy-opc-private-limited1750682577
Junior Full Stack Developer,DeepNexus.in,Work from home,"₹ 5,50,000 - 7,00,000",https://internshala.com/job/detail/remote-junior-full-stack-developer-job-at-deepnexusin1750503302
Full Stack Developer,FusionCode Software Solutions,Work from home,"₹ 5,40,000 - 10,50,000",https://internshala.com/job/detail/remote-full-stack-developer-job-at-fusioncode-software-solutions1751618963
Team Lead - Business Professional,IMCS Group,Vadodara,"₹ 5,40,000 - 9,00,000",https://internshala.com/job/detail/team-lead-business-professional-job-in-vadodara-at-imcs-group1749103995
Full Stack Developer,Aspire Talent Innovations,Panchkula,"₹ 5,00,000 - 20,00,000",https://internshala.com/job/detail/fresher-full-stack-developer-job-in-panchkula-at-aspire-talent-innovations1751428582
DotNet Developer,INTINERI INFOSOL PRIVATE LIMITED,Pune,"₹ 5,00,000 - 18,00,000",https://internshala.com/job/detail/dotnet-developer-job-in-pune-at-intineri-infosol-private-limited1749754874
Senior Sap MM Consultant,INTINERI INFOSOL PRIVATE LIMITED,Pune,"₹ 5,00,000 - 18,00,000",https://internshala.com/job/detail/senior-sap-mm-consultant-job-in-pune-at-intineri-infosol-private-limited1748478612
AS400 Developer,Kiash Solutions LLP,Chennai,"₹ 5,00,000 - 11,00,000",https://internshala.com/job/detail/as400-developer-job-in-multiple-locations-at-kiash-solutions-llp1751502849
Vmware + Windows + NSX,Jio,Chennai,"₹ 5,00,000 - 9,00,000",https://internshala.com/job/detail/vmware-windows-nsx-job-in-chennai-at-jio1748910627
Software Engineer,MediaCom India,Work from home,"₹ 5,00,000 - 8,00,000",https://internshala.com/job/detail/fresher-remote-software-engineer-job-at-mediacom-india1751352411
Full Stack Blockchain Trainer,QuadB Tech,Ludhiana,"₹ 5,00,000 - 7,00,000",https://internshala.com/job/detail/full-stack-blockchain-trainer-job-in-ludhiana-at-quadb-tech1750939270
Senior MERN Stack Developer,Callease AI,Work from home,"₹ 5,00,000 - 6,00,000",https://internshala.com/job/detail/remote-senior-mern-stack-developer-job-at-callease-ai1750322830
Software Developer ASP.NET MVC,Vivanta Industries Limited,Ahmedabad,"₹ 5,00,000 - 6,00,000",https://internshala.com/job/detail/software-developer-aspnet-mvc-job-in-ahmedabad-at-vivanta-industries-limited1751416285
Technical Support Engineer - Service Desk,Intertec Softwares Pvt Ltd,Navi Mumbai,"₹ 5,00,000 - 6,00,000",https://internshala.com/job/detail/technical-support-engineer-service-desk-job-in-navi-mumbai-at-intertec-softwares-pvt-ltd1749103926
Technical Support Engineer (Monitoring),Intertec Softwares Pvt Ltd,Indore,"₹ 5,00,000 - 6,00,000",https://internshala.com/job/detail/technical-support-engineer-monitoring-job-in-indore-at-intertec-softwares-pvt-ltd1748392226
Senior Support Engineer- L1 Support (MarinePALS),Storch Consultancy Private Limited,Gurgaon,"₹ 5,00,000 - 5,80,000",https://internshala.com/job/detail/senior-support-engineer-l1-support-marinepals-job-in-gurgaon-at-storch-consultancy-private-limited1749754886
IT Bsuiness Developer,Web Idea Solution LLP,Kolkata,"₹ 4,80,000 - 7,20,000",https://internshala.com/job/detail/it-bsuiness-developer-job-in-kolkata-at-web-idea-solution-llp1748910631
Full Stack Developer,Lazy Idli Private Limited,Bangalore,"₹ 4,80,000 - 5,70,000",https://internshala.com/job/detail/full-stack-developer-job-in-bangalore-at-lazy-idli-private-limited1748935494
Full Stack Developer,HelloAR,Bangalore,"₹ 4,50,000 - 6,00,000",https://internshala.com/job/detail/full-stack-developer-job-in-bangalore-at-helloar1751525287
Technical Support Engineer,Rubik Infotech Pvt Ltd.,Ahmedabad,"₹ 4,20,000 - 5,40,000",https://internshala.com/job/detail/technical-support-engineer-job-in-ahmedabad-at-rubik-infotech-pvt-ltd1749150083
Application Support & Site Reliability Engineer,Hire Wings,Hyderabad,"₹ 4,00,000 - 25,00,000",https://internshala.com/job/detail/application-support-site-reliability-engineer-job-in-hyderabad-at-hire-wings1750811517
SAP SD Consultant,INTINERI INFOSOL PRIVATE LIMITED,Pune,"₹ 4,00,000 - 15,00,000",https://internshala.com/job/detail/sap-sd-consultant-job-in-pune-at-intineri-infosol-private-limited1751329970
Full Stack AI Engineer,CanadaMentors,Work from home,"₹ 4,00,000 - 8,00,000",https://internshala.com/job/detail/remote-full-stack-ai-engineer-job-at-canadamentors1751604494
Full Stack Developer,WowPe,Bangalore,"₹ 4,00,000 - 8,00,000",https://internshala.com/job/detail/full-stack-developer-job-in-bangalore-at-wowpe1750152223
Full Stack Developer,MediaCom India,Work from home,"₹ 4,00,000 - 7,00,000",https://internshala.com/job/detail/fresher-remote-full-stack-developer-job-at-mediacom-india1751347948
Full Stack Developer,Kualify Services Private Limited,Work from home,"₹ 4,00,000 - 7,00,000",https://internshala.com/job/detail/remote-full-stack-developer-job-at-kualify-services-private-limited1750249520
Business Development Executive - Ahmedabad,V3Cube,Ahmedabad,"₹ 4,00,000 - 7,00,000",https://internshala.com/job/detail/business-development-executive-ahmedabad-job-in-ahmedabad-at-v3cube1750379475
Business Development Executive - Ahmedabad,V3Cube,Ahmedabad,"₹ 4,00,000 - 7,00,000",https://internshala.com/job/detail/business-development-executive-ahmedabad-job-in-ahmedabad-at-v3cube1749103870
"Programmer Analyst Trainee / Programmer Analyst - (GenC Next, GenC Pro & GenC)",Cognizant,Bhubaneswar,"₹ 4,00,000 - 6,75,000",https://internshala.com/job/detail/fresher-programmer-analyst-trainee-programmer-analyst-job-in-multiple-locations-at-cognizant1751277104
Full Stack - Python And REACT,Tandem Consulting Group,Chennai,"₹ 4,00,000 - 6,00,000",https://internshala.com/job/detail/full-stack-python-and-react-job-in-chennai-at-tandem-consulting-group1750413074
Senior Full Stack Developer,Tanika Tech Jewels Private Limited,Mira Bhayandar,"₹ 4,00,000 - 6,00,000",https://internshala.com/job/detail/senior-full-stack-developer-job-in-multiple-locations-at-tanika-tech-jewels-private-limited1750404169
Junior Full Stack Developer,BLG Technologies,Work from home,"₹ 4,00,000 - 6,00,000",https://internshala.com/job/detail/remote-junior-full-stack-developer-job-at-blg-technologies1749917955
MERN Stack Developer,BXI (Barter Exchange Of India),Thane,"₹ 4,00,000 - 5,50,000",https://internshala.com/job/detail/mern-stack-developer-job-in-multiple-locations-at-bxi-barter-exchange-of-india1751370722
Node.js + Angular Developer,Admin Looks,Delhi,"₹ 4,00,000 - 5,50,000",https://internshala.com/job/detail/nodejs-angular-developer-job-in-multiple-locations-at-admin-looks1750552254
Full Stack Developer,Bentex Group,Work from home,"₹ 4,00,000 - 5,00,000",https://internshala.com/job/detail/remote-full-stack-developer-job-at-bentex-group1750830436
Junior Full Stack Developer,Planys Technologies Private Limited,Chennai,"₹ 4,00,000 - 5,00,000",https://internshala.com/job/detail/junior-full-stack-developer-job-in-chennai-at-planys-technologies-private-limited1749275586
Junior Software Developer,Freshers Job Fair .IN,Bangalore,"₹ 4,00,000",https://internshala.com/job/detail/fresher-junior-software-developer-job-in-bangalore-at-freshers-job-fair-in1750161098
Golang Developer L Ahmedabad,Vedlogic Solutions Pvt. Ltd.,Ahmedabad,"₹ 3,60,000 - 12,00,000",https://internshala.com/job/detail/golang-developer-l-ahmedabad-job-in-ahmedabad-at-vedlogic-solutions-pvt-ltd1748392231
Software Developer ASP.NET MVC,VITAL INTELLIGENCE TECHNOLOGY PRIVATE LIMITED,Ahmedabad,"₹ 3,60,000 - 8,40,000",https://internshala.com/job/detail/software-developer-aspnet-mvc-job-in-ahmedabad-at-vital-intelligence-technology-private-limited1750811730
Flutter Fullstack Developer,BREVITY TECHNOLOGIES PRIVATE LIMITED,Work from home,"₹ 3,60,000 - 7,20,000",https://internshala.com/job/detail/remote-flutter-fullstack-developer-job-at-brevity-technologies-private-limited1751264783
Angular Developer,Classic Art,Rajkot,"₹ 3,60,000 - 6,00,000",https://internshala.com/job/detail/angular-developer-job-in-rajkot-at-classic-art1747355428
Laravel Developer,NCode Technologies Inc.,Ahmedabad,"₹ 3,60,000 - 5,40,000",https://internshala.com/job/detail/laravel-developer-job-in-ahmedabad-at-ncode-technologies-inc1749103930
Laravel Developer,NCode Technologies Inc.,Ahmedabad,"₹ 3,60,000 - 5,40,000",https://internshala.com/job/detail/laravel-developer-job-in-ahmedabad-at-ncode-technologies-inc1749103702
Full Stack Developer,ONE XL INFO LLP,Pune,"₹ 3,60,000 - 4,80,000",https://internshala.com/job/detail/full-stack-developer-job-in-pune-at-one-xl-info-llp1751019217
Software Trainer/Faculty,Datapro Computers Pvt Ltd,Work from home,"₹ 3,50,000 - 6,00,000",https://internshala.com/job/detail/remote-software-trainer-faculty-job-at-datapro-computers-pvt-ltd1751513618
Full Stack Developer,Transparent Capital,Mumbai,"₹ 3,50,000 - 4,00,000",https://internshala.com/job/detail/full-stack-developer-job-in-mumbai-at-transparent-capital1751272602
Associate Software Developer,Design Centric,Navi Mumbai,"₹ 3,18,000 - 4,00,000",https://internshala.com/job/detail/associate-software-developer-job-in-multiple-locations-at-design-centric1748430930
Full Stack Developer,LeadPro,Chennai,"₹ 3,16,000 - 5,04,000",https://internshala.com/job/detail/full-stack-developer-job-in-multiple-locations-at-leadpro1750472429
Technical Trainer,Iamneo.ai,Coimbatore,"₹ 3,00,000 - 8,00,000",https://internshala.com/job/detail/technical-trainer-job-in-coimbatore-at-iamneoai1749803450
Jr. Java Developer,Xomic Infotech Private Limited,Ahmedabad,"₹ 3,00,000 - 7,20,000",https://internshala.com/job/detail/jr-java-developer-job-in-ahmedabad-at-xomic-infotech-private-limited1751502858
Jr. Java Developer,Xomic Infotech Private Limited,Ahmedabad,"₹ 3,00,000 - 7,20,000",https://internshala.com/job/detail/jr-java-developer-job-in-ahmedabad-at-xomic-infotech-private-limited1749103636
Sr. Java Developer,Xomic Infotech Private Limited,Ahmedabad,"₹ 3,00,000 - 7,20,000",https://internshala.com/job/detail/sr-java-developer-job-in-ahmedabad-at-xomic-infotech-private-limited1749103335
Full Stack Developer,IESoft Technologies Private Limited,Work from home,"₹ 3,00,000 - 6,00,000",https://internshala.com/job/detail/fresher-remote-full-stack-developer-job-at-iesoft-technologies-private-limited1751019635
Project Coordinator - Ahmedabad,V3Cube,Ahmedabad,"₹ 3,00,000 - 6,00,000",https://internshala.com/job/detail/project-coordinator-ahmedabad-job-in-ahmedabad-at-v3cube1750897914
PHP Developer - Ahmedabad,V3Cube,Ahmedabad,"₹ 3,00,000 - 6,00,000",https://internshala.com/job/detail/php-developer-ahmedabad-job-in-ahmedabad-at-v3cube1750725166
Content Writer - Ahmedabad,V3Cube,Ahmedabad,"₹ 3,00,000 - 6,00,000",https://internshala.com/job/detail/content-writer-ahmedabad-job-in-ahmedabad-at-v3cube1749103869
Full Stack Developer,Aivoranext,Ahmedabad,"₹ 3,00,000 - 5,00,000",https://internshala.com/job/detail/full-stack-developer-job-in-ahmedabad-at-aivoranext1751516734
Full Stack Developer,Ipex Logistics,Work from home,"₹ 3,00,000 - 5,00,000",https://internshala.com/job/detail/fresher-remote-full-stack-developer-job-at-ipex-logistics1749443387
Full Stack Developer,Rankwatch,Work from home,"₹ 3,00,000 - 5,00,000",https://internshala.com/job/detail/remote-full-stack-developer-job-at-rankwatch1749185213
AI-Powered Full-Stack Developer,CSTE International,Work from home,"₹ 3,00,000 - 4,20,000",https://internshala.com/job/detail/remote-ai-powered-full-stack-developer-job-at-cste-international1749443142
WED DEVELOPMENT,Bi Paints,Surat,"₹ 3,00,000 - 4,20,000",https://internshala.com/job/detail/wed-development-job-in-surat-at-bi-paints1749927623
Full Stack Developer,Damodara Smart Tech Private Limited,Chennai,"₹ 3,00,000 - 3,60,000",https://internshala.com/job/detail/fresher-full-stack-developer-job-in-chennai-at-damodara-smart-tech-private-limited1751724251
Jr. IOS Developer,MSP Concepts,Ahmedabad,"₹ 3,00,000 - 3,60,000",https://internshala.com/job/detail/jr-ios-developer-job-in-ahmedabad-at-msp-concepts1750186838
Jr. Business Analyst,Xomic Infotech Private Limited,Ahmedabad,"₹ 3,00,000 - 3,50,000",https://internshala.com/job/detail/jr-business-analyst-job-in-ahmedabad-at-xomic-infotech-private-limited1751329974
Full Stack Developer,Official Page,Delhi,"₹ 2,70,000 - 8,00,000",https://internshala.com/job/detail/full-stack-developer-job-in-multiple-locations-at-official-page1750071257
Fullstack Developer (NestJS + Next.js + Node.js + MongoDB),SeekHelpers,Work from home,"₹ 2,60,000 - 4,00,000",https://internshala.com/job/detail/remote-fullstack-developer-nestjs-nextjs-nodejs-mongodb-job-at-seekhelpers1750509934
MERN Stack Developer,ZustPe Payments Private Limited,Chennai,"₹ 2,52,000 - 3,00,000",https://internshala.com/job/detail/fresher-mern-stack-developer-job-in-chennai-at-zustpe-payments-private-limited1749654071
Full Stack Developer,Nasya Software Technologies Private Limited,Work from home,"₹ 2,50,000 - 4,50,000",https://internshala.com/job/detail/remote-full-stack-developer-job-at-nasya-software-technologies-private-limited1749836830
Full Stack Developer,Silfra Technologies,Pune,"₹ 2,50,000 - 4,00,000",https://internshala.com/job/detail/full-stack-developer-job-in-multiple-locations-at-silfra-technologies1750068369
System Network Administrator,Xomic Infotech Private Limited,Ahmedabad,"₹ 2,50,000 - 3,00,000",https://internshala.com/job/detail/system-network-administrator-job-in-ahmedabad-at-xomic-infotech-private-limited1750811727
Laravel Developer,NCode Technologies Inc.,Ahmedabad,"₹ 2,40,000 - 5,40,000",https://internshala.com/job/detail/laravel-developer-job-in-ahmedabad-at-ncode-technologies-inc1750379576
Laravel Developer,NCode Technologies Inc.,Ahmedabad,"₹ 2,40,000 - 5,40,000",https://internshala.com/job/detail/laravel-developer-job-in-ahmedabad-at-ncode-technologies-inc1749103463
Full Stack Developer,I- Sourcing Technologies Private Limited (Tender247),Ahmedabad,"₹ 2,40,000 - 4,20,000",https://internshala.com/job/detail/full-stack-developer-job-in-ahmedabad-at-i-sourcing-technologies-private-limited-tender2471749198368
Full Stack Developer,Jasya Consultancy Private Limited,Ahmedabad,"₹ 2,40,000 - 4,20,000",https://internshala.com/job/detail/full-stack-developer-job-in-multiple-locations-at-jasya-consultancy-private-limited1749180442
MERN Stack Developer,Joiningends Technologies Pvt Ltd,Kolkata,"₹ 2,40,000 - 3,60,000",https://internshala.com/job/detail/mern-stack-developer-job-in-kolkata-at-joiningends-technologies-pvt-ltd1749640031
Management Information System Executive,Aertrip,Delhi,"₹ 2,40,000 - 3,60,000",https://internshala.com/job/detail/management-information-system-executive-job-in-delhi-at-aertrip1751070649
Human Resources Executive,HRingZa Solutions,Rajkot,"₹ 2,40,000 - 3,00,000",https://internshala.com/job/detail/human-resources-executive-job-in-rajkot-at-hringza-solutions1749103512
